edipi,first_name,last_name
1,Jeanie,Janjusevic
2,Katrina,Rospars
3,Viviene,Carnow
4,Julia,Bispham
5,Ken,Sarch
6,Romeo,Seyers
7,Randy,Keson
8,Erl,Consterdine
9,Aretha,Bridges
10,Antonetta,Yates
11,Grove,Bartrop
12,Mar,Frediani
13,Daniela,Walenta
14,Matelda,Tracey
15,Dew,Kadd
16,Thibaut,Klink
17,Keri,Deedes
18,Leon,Mebs
19,Tye,Sleite
20,Amelina,Kimbrough
21,Lucie,Topham
22,Kylila,Fache
23,Nikkie,Ffoulkes
24,Siobhan,Bringloe
25,Shayne,Rains
26,Wendeline,Baltzar
27,Dannie,Hawkslee
28,Harlie,Chevolleau
29,Hyacintha,Vignal
30,Edith,Gilley
31,Roby,Mitchelmore
32,Bambi,Pantecost
33,Sullivan,Bedow
34,Cash,Zanazzi
35,Casey,Louisot
36,Lorie,Bortol
37,Miller,MacTrustrie
38,King,Fretwell
39,Jonathan,Gall
40,Milli,Dory
41,Althea,Jandac
42,Milt,Conre
43,Agnola,Kennermann
44,Biddy,Vost
45,Chariot,Brimelow
46,Melissa,Pow
47,Kare,Morrel
48,Shalom,Nano
49,Miran,Piborn
50,Ros,Barnett
51,Livvy,Gallagher
52,Marys,Philippsohn
53,Marillin,Pigram
54,Alain,Clampton
55,Elbertina,Limrick
56,Berty,Oke
57,Mahala,Kiezler
58,Saul,Rimell
59,Johan,Newiss
60,Adolpho,Rappport
61,Ev,Capehorn
62,Huntington,Weddeburn - Scrimgeour
63,Scarlett,Lindberg
64,Claudianus,Vogeler
65,Eldon,Cavnor
66,Lorianne,Dowzell
67,Inessa,Grievson
68,Javier,Izat
69,Melodie,Polley
70,Jacklyn,Germann
71,Aleta,Petrozzi
72,Atlanta,Reichhardt
73,Stillman,Budd
74,Murray,Bentje
75,Brandy,Delmonti
76,Rosalie,Ricson
77,Wolf,Klain
78,Emmalee,Relfe
79,Winni,Parnaby
80,Cleo,Slemming
81,Gabbey,McAndrew
82,Gretta,Makeswell
83,Neile,Creaney
84,Ree,Budleigh
85,Osbourn,Pickwell
86,Ward,Lardier
87,Walton,Bowles
88,Benedikta,Gillean
89,Candide,Deller
90,Rowena,De Nisco
91,Garrick,Canty
92,Henka,Leggott
93,Caryn,Derx
94,Kathye,Lindores
95,Lenard,Beadham
96,Dael,Kohrding
97,Madelle,Zieme
98,Gavin,Sackur
99,Fiona,Worvill
100,Jemima,Moneypenny
