edipi,firstName,lastName,rateRank,unit,billetWorkcenter,contractNumber,pilot,aircrew,cdi,cdgar,dscacrew,advancedParty,pui,covid19TestReturnDate,rom,romRelease
1000000001,Jeanie,Janjusevic,,test,test,test,test,,,,,,,,1599765130,test,test
1000000002,Katrina,Rospars,,test,test,test,test,,,,,,,,1599765130,test,test
1000000003,Viviene,Carnow,,test,test,test,test,,,,,,,,1599765130,test,test
1000000004,Julia,Bispham,,test,test,test,test,,,,,,,,1599765130,test,test
1000000005,Ken,Sarch,,test,test,test,test,,,,,,,,1599765130,test,test
1000000006,Romeo,Seyers,,test,test,test,test,,,,,,,,1599765130,test,test
1000000007,Randy,Keson,,test,test,test,test,,,,,,,,1599765130,test,test
1000000008,Erl,Consterdine,,test,test,test,test,,,,,,,,1599765130,test,test
1000000009,Aretha,Bridges,,test,test,test,test,,,,,,,,1599765130,test,test
1000000010,Antonetta,Yates,,test,test,test,test,,,,,,,,1599765130,test,test
1000000011,Grove,Bartrop,,test,test,test,test,,,,,,,,1599765130,test,test
1000000012,Mar,Frediani,,test,test,test,test,,,,,,,,1599765130,test,test
1000000013,Daniela,Walenta,,test,test,test,test,,,,,,,,1599765130,test,test
1000000014,Matelda,Tracey,,test,test,test,test,,,,,,,,1599765130,test,test
1000000015,Dew,Kadd,,test,test,test,test,,,,,,,,1599765130,test,test
1000000016,Thibaut,Klink,,test,test,test,test,,,,,,,,1599765130,test,test
1000000017,Keri,Deedes,,test,test,test,test,,,,,,,,1599765130,test,test
1000000018,Leon,Mebs,,test,test,test,test,,,,,,,,1599765130,test,test
1000000019,Tye,Sleite,,test,test,test,test,,,,,,,,1599765130,test,test
1000000020,Amelina,Kimbrough,,test,test,test,test,,,,,,,,1599765130,test,test
1000000021,Lucie,Topham,,test,test,test,test,,,,,,,,1599765130,test,test
1000000022,Kylila,Fache,,test,test,test,test,,,,,,,,1599765130,test,test
1000000023,Nikkie,Ffoulkes,,test,test,test,test,,,,,,,,1599765130,test,test
1000000024,Siobhan,Bringloe,,test,test,test,test,,,,,,,,1599765130,test,test
1000000025,Shayne,Rains,,test,test,test,test,,,,,,,,1599765130,test,test
1000000026,Wendeline,Baltzar,,test,test,test,test,,,,,,,,1599765130,test,test
1000000027,Dannie,Hawkslee,,test,test,test,test,,,,,,,,1599765130,test,test
1000000028,Harlie,Chevolleau,,test,test,test,test,,,,,,,,1599765130,test,test
1000000029,Hyacintha,Vignal,,test,test,test,test,,,,,,,,1599765130,test,test
1000000030,Edith,Gilley,,test,test,test,test,,,,,,,,1599765130,test,test
1000000031,Roby,Mitchelmore,,test,test,test,test,,,,,,,,1599765130,test,test
1000000032,Bambi,Pantecost,,test,test,test,test,,,,,,,,1599765130,test,test
1000000033,Sullivan,Bedow,,test,test,test,test,,,,,,,,1599765130,test,test
1000000034,Cash,Zanazzi,,test,test,test,test,,,,,,,,1599765130,test,test
1000000035,Casey,Louisot,,test,test,test,test,,,,,,,,1599765130,test,test
1000000036,Lorie,Bortol,,test,test,test,test,,,,,,,,1599765130,test,test
1000000037,Miller,MacTrustrie,,test,test,test,test,,,,,,,,1599765130,test,test
1000000038,King,Fretwell,,test,test,test,test,,,,,,,,1599765130,test,test
1000000039,Jonathan,Gall,,test,test,test,test,,,,,,,,1599765130,test,test
1000000040,Milli,Dory,,test,test,test,test,,,,,,,,1599765130,test,test
1000000041,Althea,Jandac,,test,test,test,test,,,,,,,,1599765130,test,test
1000000042,Milt,Conre,,test,test,test,test,,,,,,,,1599765130,test,test
1000000043,Agnola,Kennermann,,test,test,test,test,,,,,,,,1599765130,test,test
1000000044,Biddy,Vost,,test,test,test,test,,,,,,,,1599765130,test,test
1000000045,Chariot,Brimelow,,test,test,test,test,,,,,,,,1599765130,test,test
1000000046,Melissa,Pow,,test,test,test,test,,,,,,,,1599765130,test,test
1000000047,Kare,Morrel,,test,test,test,test,,,,,,,,1599765130,test,test
1000000048,Shalom,Nano,,test,test,test,test,,,,,,,,1599765130,test,test
1000000049,Miran,Piborn,,test,test,test,test,,,,,,,,1599765130,test,test
1000000050,Ros,Barnett,,test,test,test,test,,,,,,,,1599765130,test,test
1000000051,Livvy,Gallagher,,test,test,test,test,,,,,,,,1599765130,test,test
1000000052,Marys,Philippsohn,,test,test,test,test,,,,,,,,1599765130,test,test
1000000053,Marillin,Pigram,,test,test,test,test,,,,,,,,1599765130,test,test
1000000054,Alain,Clampton,,test,test,test,test,,,,,,,,1599765130,test,test
1000000055,Elbertina,Limrick,,test,test,test,test,,,,,,,,1599765130,test,test
1000000056,Berty,Oke,,test,test,test,test,,,,,,,,1599765130,test,test
1000000057,Mahala,Kiezler,,test,test,test,test,,,,,,,,1599765130,test,test
1000000058,Saul,Rimell,,test,test,test,test,,,,,,,,1599765130,test,test
1000000059,Johan,Newiss,,test,test,test,test,,,,,,,,1599765130,test,test
1000000060,Adolpho,Rappport,,test,test,test,test,,,,,,,,1599765130,test,test
1000000061,Ev,Capehorn,,test,test,test,test,,,,,,,,1599765130,test,test
1000000062,Huntington,Weddeburn - Scrimgeour,,test,test,test,test,,,,,,,,1599765130,test,test
1000000063,Scarlett,Lindberg,,test,test,test,test,,,,,,,,1599765130,test,test
1000000064,Claudianus,Vogeler,,test,test,test,test,,,,,,,,1599765130,test,test
1000000065,Eldon,Cavnor,,test,test,test,test,,,,,,,,1599765130,test,test
1000000066,Lorianne,Dowzell,,test,test,test,test,,,,,,,,1599765130,test,test
1000000067,Inessa,Grievson,,test,test,test,test,,,,,,,,1599765130,test,test
1000000068,Javier,Izat,,test,test,test,test,,,,,,,,1599765130,test,test
1000000069,Melodie,Polley,,test,test,test,test,,,,,,,,1599765130,test,test
1000000070,Jacklyn,Germann,,test,test,test,test,,,,,,,,1599765130,test,test
1000000071,Aleta,Petrozzi,,test,test,test,test,,,,,,,,1599765130,test,test
1000000072,Atlanta,Reichhardt,,test,test,test,test,,,,,,,,1599765130,test,test
1000000073,Stillman,Budd,,test,test,test,test,,,,,,,,1599765130,test,test
1000000074,Murray,Bentje,,test,test,test,test,,,,,,,,1599765130,test,test
1000000075,Brandy,Delmonti,,test,test,test,test,,,,,,,,1599765130,test,test
1000000076,Rosalie,Ricson,,test,test,test,test,,,,,,,,1599765130,test,test
1000000077,Wolf,Klain,,test,test,test,test,,,,,,,,1599765130,test,test
1000000078,Emmalee,Relfe,,test,test,test,test,,,,,,,,1599765130,test,test
1000000079,Winni,Parnaby,,test,test,test,test,,,,,,,,1599765130,test,test
1000000080,Cleo,Slemming,,test,test,test,test,,,,,,,,1599765130,test,test
1000000081,Gabbey,McAndrew,,test,test,test,test,,,,,,,,1599765130,test,test
1000000082,Gretta,Makeswell,,test,test,test,test,,,,,,,,1599765130,test,test
1000000083,Neile,Creaney,,test,test,test,test,,,,,,,,1599765130,test,test
1000000084,Ree,Budleigh,,test,test,test,test,,,,,,,,1599765130,test,test
1000000085,Osbourn,Pickwell,,test,test,test,test,,,,,,,,1599765130,test,test
1000000086,Ward,Lardier,,test,test,test,test,,,,,,,,1599765130,test,test
1000000087,Walton,Bowles,,test,test,test,test,,,,,,,,1599765130,test,test
1000000088,Benedikta,Gillean,,test,test,test,test,,,,,,,,1599765130,test,test
1000000089,Candide,Deller,,test,test,test,test,,,,,,,,1599765130,test,test
1000000090,Rowena,De Nisco,,test,test,test,test,,,,,,,,1599765130,test,test
1000000091,Garrick,Canty,,test,test,test,test,,,,,,,,1599765130,test,test
1000000092,Henka,Leggott,,test,test,test,test,,,,,,,,1599765130,test,test
1000000093,Caryn,Derx,,test,test,test,test,,,,,,,,1599765130,test,test
1000000094,Kathye,Lindores,,test,test,test,test,,,,,,,,1599765130,test,test
1000000095,Lenard,Beadham,,test,test,test,test,,,,,,,,1599765130,test,test
1000000096,Dael,Kohrding,,test,test,test,test,,,,,,,,1599765130,test,test
1000000097,Madelle,Zieme,,test,test,test,test,,,,,,,,1599765130,test,test
1000000098,Gavin,Sackur,,test,test,test,test,,,,,,,,1599765130,test,test
1000000099,Fiona,Worvill,,test,test,test,test,,,,,,,,1599765130,test,test
1000000100,Jemima,Moneypenny,,test,test,test,test,,,,,,,,1599765130,test,test
